model,sparsity,num_motifs,accuracy_decrease
PICF9 [2 motifs],0.1001129150390625,2,-0.3371019377457582
PICF9 [4 motifs],0.03167635202407837,4,-0.035405405144792956
PICF9 [8 motifs],0.013363461010158062,8,-0.03363517846498831
PICF9 [98 motifs],0.0005644075936237503,98,-0.0034723334837589714
